id,question
1,What is GeForce NOW and how does it work?
1,Can you explain what NVIDIA GeForce NOW is?
1,Is GeForce NOW a cloud gaming service?
1,What devices can I use GeForce NOW on?
1,How does GeForce NOW let me play the games I own?
2,What countries or regions is GeForce NOW available in?
2,"Is GeForce NOW available in North America, Europe, Japan, and India?"
2,Where can I use GeForce NOW right now?
2,Does GeForce NOW work outside North America and Europe?
2,Which locations support GeForce NOW through NVIDIA or Alliance partners?
3,"How can I sign up for GeForce NOW, and what are the membership prices?"
3,What does it cost to join GeForce NOW?
3,Which GeForce NOW membership plans are available?
3,Is there a free GeForce NOW membership option?
3,Can I try GeForce NOW without paying for a monthly subscription?
4,What games are available on GeForce NOW?
4,How many games can I play on GeForce NOW?
4,Does GeForce NOW have a list of supported games?
4,What kinds of games are included with GeForce NOW?
4,Are there extra games available for premium members on GeForce NOW?
5,Do I need to buy games before I can play them on GeForce NOW?
5,Can I play my own games on GeForce NOW if I already own them?
5,Does GeForce NOW require me to own the game first?
5,Which game stores do I need to connect to use games I already own on GeForce NOW?
5,Are free-to-play games available on GeForce NOW without purchasing them?
6,Why can people play some games in other countries but not in mine on GeForce NOW?
6,Why are certain GeForce NOW games unavailable in my country even though they're available elsewhere?
6,Does GeForce NOW block some games depending on the country?
6,Why can't I play all the same games on GeForce NOW that users in other countries can?
6,How can I check which GeForce NOW games are available in my country?
7,I'm having trouble streaming a game in GeForce NOW. Where can I get help?
7,Who should I contact if I run into an issue while streaming a game?
7,Is there a way to report a streaming problem in the GeForce NOW app?
7,How do I get support for a game streaming issue?
7,Where can I reach Customer Care about a streaming issue?
8,Where can I submit a feature request for GeForce NOW?
8,How do I send feedback or suggest a new feature in GeForce NOW?
8,Is there a place in the GeForce NOW app to post feature requests?
8,How can I share feedback or ideas for new GeForce NOW features?
8,What’s the best way to give GeForce NOW a feature suggestion?
9,What are the minimum system requirements to use GeForce NOW?
9,How fast does my internet need to be for GeForce NOW?
9,Where can I find the system requirements for GeForce NOW?
9,What internet speed is required to play GeForce NOW?
9,"What specs do I need, including internet speed, for GeForce NOW?"
10,Why can’t I play after creating an NVIDIA account?
10,Do I need to choose a membership after making an NVIDIA account?
10,How do I select a GeForce NOW membership for my NVIDIA account?
10,Where do I go to pick a membership after signing up for NVIDIA?
10,"I made an NVIDIA account, but GeForce NOW still won’t let me play—what am I missing?"
11,What GeForce NOW membership plans can I choose from?
11,Does GeForce NOW have a free membership option?
11,What are the available GeForce NOW membership options?
11,Are there any day pass or short-term membership options for GeForce NOW?
11,What plans does GeForce NOW offer besides the monthly memberships?
12,What are GeForce NOW premium memberships?
12,Which GeForce NOW plans count as premium memberships?
12,Are monthly and 12-month Performance and Ultimate memberships considered premium?
12,What does a premium GeForce NOW membership include?
12,How are premium memberships different from the free GeForce NOW tier?
13,How many hours of playtime do Performance and Ultimate members get each month?
13,What is the monthly playtime limit for GeForce NOW Performance and Ultimate memberships?
13,How much playtime do I get per month with Performance or Ultimate?
13,Do Performance and Ultimate members get 100 hours of playtime every month?
13,Can unused playtime roll over to the next month for Performance and Ultimate members?
14,What happens when I use up all my monthly playtime on GeForce NOW?
14,"If I run out of playtime before the month ends, what can I do?"
14,Do I have to stop playing if I hit my monthly playtime limit?
14,Where can I check when my monthly playtime resets?
14,Can I buy more playtime hours after I reach my monthly limit?
15,Why did GeForce NOW add a monthly playtime limit?
15,What’s the reason for the 100-hour monthly playtime cap?
15,Why did you start limiting playtime for Performance and Ultimate members each month?
15,Why is there a monthly time limit on GeForce NOW memberships?
15,Why was the monthly playtime limit introduced for premium members?
16,"If I’m grandfathered in with unlimited playtime, when does it end?"
16,"What happens to my unlimited playtime if I bought my subscription before January 15, 2026?"
16,"Do grandfathered GeForce NOW memberships still keep unlimited playtime after January 15, 2026?"
16,When will my unlimited playtime switch to the new 100-hour monthly limit?
16,"If I have unlimited playtime now, what changes on my next billing date after January 15, 2026?"
17,Do Founders members have a monthly playtime limit?
17,Is there a playtime cap on GeForce NOW Founders membership?
17,Do Founders get unlimited playtime every month?
17,What happens to Founders unlimited playtime if I upgrade to Ultimate?
17,Can I still have unlimited playtime on Founders after switching back from Ultimate?
18,Do I need a credit card to sign up for GeForce NOW free membership?
18,Is a PayPal account required to register for the free GeForce NOW membership?
18,Can I join GeForce NOW free membership without adding a payment method?
18,Do I have to put a credit card on file for GeForce NOW free sign-up?
18,Can I sign up for GeForce NOW free membership without payment information?
19,What payment methods can I use to sign up for GeForce NOW?
19,Which payment options are accepted for GeForce NOW membership?
19,How can I pay when I register for GeForce NOW?
19,What types of payment does GeForce NOW support globally?
19,Are there different accepted payment methods for GeForce NOW by region?
20,Why can't I use my GeForce NOW membership right away after paying with SEPA Direct Debit?
20,How long does it take for SEPA Direct Debit membership benefits to start?
20,When will my GeForce NOW benefits be enabled after a SEPA payment?
20,Does SEPA Direct Debit charge my bank account immediately for a membership?
20,Will I lose part of my membership month if my SEPA payment takes several days to process?
21,Where can I find my current GeForce NOW membership plan price?
21,How do I see what my GeForce NOW membership costs right now?
21,Where in the app can I view my GeForce NOW membership details?
21,How can I check my current GeForce NOW membership plan price in Settings?
21,Where do I go to see my GeForce NOW membership price and manage my plan?
22,Can I choose what currency GeForce NOW bills me in?
22,Is it possible to pay for GeForce NOW in a different currency?
22,How does GeForce NOW decide which currency to charge me?
22,Can I change the currency used for my GeForce NOW membership payment?
22,Are GeForce NOW charges based on my location or my payment method region?
23,How can I remove a saved payment method from my GeForce NOW account?
23,How do I delete a payment method on file in my account?
23,Where do I go in my GeForce NOW account to manage or delete payment methods?
23,Can I remove a credit card or other saved payment method from GeForce NOW?
23,Why can't I delete the payment method linked to my active GeForce NOW subscription?
24,What happens to my unused GeForce NOW membership balance if I upgrade my premium plan?
24,Will my remaining membership time be applied when I switch to a higher GeForce NOW membership?
24,"If I upgrade my existing GeForce NOW membership, does my leftover balance carry over to the new plan?"
24,How is the balance from my current GeForce NOW premium membership used after an upgrade?
24,"When I move to a higher GeForce NOW plan, what happens to the unused part of my current membership?"
25,"If I upgrade my persistent storage to a bigger size, how will I be billed?"
25,Do I pay the full price when I increase my persistent storage amount?
25,What charges apply if I move to a larger persistent storage plan?
25,Will my persistent storage upgrade be prorated if I choose a higher storage amount?
25,How does billing work when I upgrade persistent storage to more space?
26,Can I redeem a GeForce NOW gift card if I’m on a promotional premium membership?
26,"Are GeForce NOW gift card redemptions available for Founders, Performance, or Ultimate members right now?"
26,"If I use a membership gift card during a promotional membership, does it add on to my current time?"
26,What happens after my GeForce NOW membership gift card runs out if I’m on a promotional membership?
26,Will I be able to choose my membership tier when redeeming a GeForce NOW gift card?
27,Can I redeem a GeForce NOW gift card if I’m on a special promotional membership plan?
27,"Are gift card or promotion redemptions available for Founders, Performance, or Ultimate members right now?"
27,"If I redeem a GeForce NOW gift card during a discounted membership period, will it affect my billing date or pricing?"
27,Do premium members on a membership sale qualify to use a GeForce NOW promo or gift card?
27,Will my discounted membership carry over after I redeem a GeForce NOW gift card?
28,Why am I seeing ads on my free GeForce NOW membership?
28,Are there ads before free GeForce NOW gaming sessions?
28,Why do free GeForce NOW users get sponsorship messages?
28,What’s the reason for ads on GeForce NOW Free membership?
28,Will I see video ads while waiting to start a free GeForce NOW session?
29,When do ads play for free GeForce NOW users?
29,At what point in the gaming session will I see ads?
29,Will video ads show before a game starts on the free tier?
29,Do free users get ads after they pick a game?
29,When exactly are ads shown during a GeForce NOW session?
30,How long are the ads before a free session starts?
30,What is the maximum ad time before gameplay begins?
30,"Do free GeForce NOW sessions have video ads, and how long are they?"
30,How many minutes of ads will play before I can start gaming in a free session?
30,How long do I have to wait through ads before gameplay starts?
31,Will ads interrupt my gameplay in GeForce NOW?
31,Do ads show up while I'm actually playing a game?
31,"Are there any ads during a gaming session, or only before it starts?"
31,Will I see ads while waiting for a server in GeForce NOW?
31,How long can ads play before a game starts in GeForce NOW?
32,Will the ads be age-appropriate on GFN?
32,Are the ads on GeForce NOW suitable for all members?
32,Does GFN show ads that are appropriate for kids and adults?
32,Can I expect all ads on GeForce NOW to be curated for all ages?
32,Are the advertisements in GFN age appropriate?
33,What information does GeForce NOW share with advertisers?
33,Which data is collected and used for advertising purposes?
33,"What advertiser information includes ad views, IP address, and browser details?"
33,Can I opt out of interest-based advertising in GeForce NOW?
33,Do members under 16 get personalized ads?
34,What can I do if I don't like the ads on GeForce NOW?
34,Can I upgrade to a plan without ads?
34,Is there a premium membership tier that removes ads?
34,How do I get rid of ads on my GeForce NOW membership?
34,Can members switch to an ad-free tier anytime?
35,"If I watch ads, will I still have to wait in a queue before my session starts?"
35,Do free members still get queue wait times even after viewing ads?
35,Will watching ads remove waiting times for GeForce NOW free users?
35,Can free members still encounter queues after the ads are finished?
35,Are wait times still possible for free accounts after ad viewing?
36,What is the GeForce NOW Ultimate membership?
36,How is GeForce NOW Ultimate different from other membership plans?
36,What does the Ultimate GeForce NOW plan include?
36,Is Ultimate the highest performance GeForce NOW membership?
36,What kind of gaming experience do you get with GeForce NOW Ultimate?
37,Why did my Ultimate 6-month membership get replaced by a 12-month plan?
37,What happened to GeForce NOW Ultimate 6-month memberships?
37,"Are 6-month Ultimate memberships still available, or have they changed to 12-month memberships?"
37,"If I already have a 6-month Ultimate membership, what happens to my billing and plan?"
37,Can I switch back to my current 6-month Ultimate plan after upgrading or downgrading?
38,What is a gaming rig type in GeForce NOW?
38,"How do gaming rig types differ between Ultimate, Performance, and Free memberships?"
38,What gaming rig do Ultimate members get and what streaming quality does it support?
38,What kind of rig does the Performance membership use?
38,What do Free users get for gaming rigs on GeForce NOW?
39,What internet speed do I need for GeForce NOW Ultimate membership?
39,What are the recommended system requirements for GeForce NOW Ultimate?
39,How fast does my connection need to be for 4K 120 FPS on GeForce NOW Ultimate?
39,What network setup is recommended for the best GeForce NOW Ultimate streaming quality?
39,How much bandwidth do I need for Cinematic Quality Streaming on GeForce NOW Ultimate?
40,Which devices can use GeForce NOW Ultimate membership features?
40,What devices support the RTX Ultimate features in GeForce NOW?
40,How do I check which Ultimate features are available on each supported device?
40,Do all supported devices get access to GeForce NOW Ultimate benefits?
40,Which devices are supported for GeForce NOW Ultimate membership and RTX 5080 rigs?
41,What devices support GeForce NOW Ultimate membership features?
41,How can I find out which Ultimate features are available on each device?
41,Which devices can use the GeForce NOW Ultimate membership benefits?
41,Do all supported devices get the full GeForce NOW Ultimate experience?
41,Where can I check device support for Ultimate membership features?
42,Can GeForce NOW Ultimate memberships sell out?
42,Will more GeForce NOW memberships be added if Ultimate memberships are sold out?
42,Are GeForce NOW memberships limited in availability?
42,Can GeForce NOW memberships run out because of capacity?
42,"If Ultimate memberships sell out, does GeForce NOW add more later?"
43,Can I use a GeForce NOW gift card to get an Ultimate membership?
43,Are gift cards valid for purchasing Ultimate membership on GeForce NOW?
43,Can I redeem a gift card for a GeForce NOW Ultimate plan?
43,"If I have a GeForce NOW gift card, can I apply it to an Ultimate membership?"
43,Do GeForce NOW gift cards work for Ultimate memberships?
44,"If I'm a Founders member and upgrade to GeForce NOW Ultimate, do I keep my Founders for Life discount?"
44,What happens to my Founders for Life benefits if I switch to the Ultimate membership plan?
44,Can Founders members upgrade to Ultimate without losing their Founders for Life benefits?
44,Does upgrading from Founders to GeForce NOW Ultimate affect unlimited playtime?
44,"If I upgrade my Founders membership to a 12-month Ultimate bundle, what happens to my Founders for Life perks?"
45,What does the Founders for Life benefit mean for GeForce NOW members?
45,How does the Founders for Life discount work on GeForce NOW?
45,Can Founders members keep their introductory price forever with Founders for Life?
45,What happens to Founders for Life if I upgrade to GeForce NOW Ultimate?
45,Who is eligible for the GeForce NOW Founders for Life benefit?
46,What is the Founders discount for GeForce NOW Ultimate membership?
46,How much is the special Founders-only discount when upgrading to GeForce NOW Ultimate?
46,Does GeForce NOW offer a Founders discount on the Ultimate membership?
46,Is the Founders discount rate for Ultimate membership 10%?
46,Can the Founders discount be combined with other promotions when upgrading to Ultimate?
47,"If I downgrade my Founders membership, do I lose the Founders for Life benefit?"
47,Will I lose Founders for Life if I cancel my Founders account?
47,Does changing my Founders plan affect my Founders for Life benefit?
47,What happens to Founders for Life if my paid Founders membership ends?
47,Can the Founders for Life benefit be restarted after a downgrade or cancellation?
48,"If I upgrade from Founders to GeForce NOW Ultimate and then downgrade later, do I get my Founders benefits back?"
48,What happens to my Founders for Life status if I switch from Founders to Ultimate and then cancel or downgrade?
48,Will my membership revert to Founders after downgrading from GeForce NOW Ultimate?
48,Do I lose my Founders for Life benefit if I downgrade from a premium membership to Free?
48,"If I upgrade from Founders and later go back down, when do I keep or lose the Founders for Life benefit?"
49,What happens if my payment fails and I get downgraded by mistake?
49,Will GeForce NOW warn Founders before an account is downgraded because of billing issues?
49,"If there’s a problem with my billing info, can I lose my Founders membership?"
49,Does GeForce NOW notify Founders about a payment failure before downgrading the account?
49,How does GeForce NOW help Founders stay in good standing if there’s a billing failure?
50,"My Founders membership is set to downgrade, but I want to keep Founders for Life — what do I do?"
50,Can I undo a GeForce NOW downgrade if my Founders membership is still pending?
50,How do I reinstate my Founders membership before it switches to Free status?
50,Is it possible to keep the Founders for Life benefit after I changed my mind about downgrading?
50,How can I tell if I’m still in the downgrade window for my Founders membership?
51,Can I get the Founders for Life benefit if my GeForce NOW membership is billed through a partner?
51,Do partner-billed Founders memberships qualify for the Founders for Life benefit?
51,Is the Founders for Life benefit available to GeForce NOW members who joined through a partner?
51,"If I access GeForce NOW through a partner, am I eligible for the Founders for Life benefit?"
51,Does being billed by a GeForce NOW partner make me ineligible for the Founders for Life benefit?
52,What is the VIP Founders Member badge in my account?
52,Why do I see a VIP Founders badge on my GeForce NOW account?
52,What does the VIP Founders Member badge mean in the app?
52,Why did GeForce NOW give me a VIP Founders badge?
52,Will my VIP Founders badge go away if I downgrade or change my account?
53,How can I check if my Founders membership is still active and my rate is locked in?
53,Where do I go in the app to confirm my Founders membership status?
53,How do I verify that my account qualifies for the Founders For Life program?
53,Where can I see my GeForce NOW membership details in the app?
53,Will my Founders account show a special badge if my membership is valid?
54,What are GeForce NOW Day Passes?
54,How long does a Day Pass last on GeForce NOW?
54,What do you get with a Day Pass membership?
54,Do Day Passes include Performance or Ultimate benefits?
54,Can I use a Day Pass to get ad-free gaming and faster server access?
55,How do Day Passes work?
55,When does a Day Pass start and how long does it last?
55,What happens after my Day Pass expires?
55,"If I buy a Day Pass, do I go back to a free account afterward?"
55,How long do I have to use my Day Pass value toward a premium membership?
56,Can I buy a Day Pass if I already have a GeForce NOW membership?
56,Am I eligible to purchase a Day Pass if I’m a current member?
56,"If I’m already a free or Performance member, can I get a Day Pass?"
56,Can existing Ultimate subscribers buy Day Passes?
56,Who is allowed to purchase Performance or Ultimate Day Passes?
57,"As a Founders member, do I still have to pay the full price for a Day Pass?"
57,Are Day Passes cheaper for Founders members?
57,Does my Founders membership give me a discount on a Day Pass?
57,Is the Day Pass price different for Founders members?
57,Do Founders members pay the same Day Pass price as everyone else?
58,"If I'm a Founders or Performance member, can I buy a Day Pass and still keep my membership benefits?"
58,Does buying a GeForce NOW Day Pass pause my current membership and then restore it afterward?
58,"As a Founders member, will purchasing a Day Pass affect my Founders for Life status?"
58,Can I use a Day Pass without losing my existing Founders or Performance perks?
58,What happens to my membership benefits if I buy a Day Pass as a Founders or Performance member?
59,Can I redeem a gift card or promotion while my Day Pass is active?
59,Is it possible to use a promotion code during an active GeForce NOW Day Pass?
59,Can I redeem a gift card on GeForce NOW if I already have a Day Pass?
59,Are promotion and gift card redemptions unavailable while I'm on a Day Pass?
59,When can I redeem a gift card or promotion if I'm currently using a Day Pass?
60,Can I use more than one Day Pass at the same time?
60,Are Day Passes stackable?
60,Can I stack multiple GeForce NOW Day Passes?
60,Is it possible to combine two Day Passes?
60,Do Day Passes work together if I buy more than one?
61,Can I use an Ultimate Day Pass and a Performance Day Pass at the same time?
61,Is it possible to combine different GeForce NOW Day Pass tiers?
61,Do I have to wait for my current Day Pass to expire before switching to another membership tier?
61,Can I switch from an Ultimate Day Pass to a Performance Day Pass before it expires?
61,Are Day Passes for different GeForce NOW tiers interchangeable?
62,Can I switch from a Day Pass to a recurring GeForce NOW membership?
62,"If I buy a Day Pass, can I upgrade to a monthly membership later?"
62,Does upgrading from a Day Pass to a recurring plan take effect right away?
62,Will the cost of my Day Pass be applied when I upgrade to a membership?
62,How long do I have to use my Day Pass credit after it expires?
63,What is Install-to-Play on GeForce NOW and how does it work?
63,How does Install-to-Play let you play Steam games on GeForce NOW?
63,Can premium GeForce NOW members download and install Steam games with Install-to-Play?
63,What kind of cloud storage comes with Install-to-Play on Ultimate and Performance memberships?
63,Is there an option to add more persistent cloud storage for saved games and installs?
64,How can I find which GeForce NOW games are Install-to-Play?
64,Where do I see the Install-to-Play games in the GeForce NOW app?
64,How do I tell if a game is marked Install-to-Play on GeForce NOW?
64,Is there a way to filter GeForce NOW to show only Install-to-Play games?
64,How do I browse all the Install-to-Play titles on GeForce NOW?
65,What’s the difference between Install-to-Play and Ready-to-Play games on GeForce NOW?
65,How are Install-to-Play games different from Ready-to-Play games?
65,Can you explain Install-to-Play vs Ready-to-Play in GeForce NOW?
65,What makes a game Install-to-Play instead of Ready-to-Play?
65,How do Ready-to-Play games differ from games you install yourself?
66,Do Install-to-Play game downloads and progress save automatically?
66,Will my installed game and save files stay saved in GeForce NOW Install-to-Play?
66,Does Install-to-Play keep my game download and progress without persistent cloud storage?
66,Are game installs and save progress automatically preserved for Install-to-Play games?
66,"If a game doesn't support Steam cloud saves, will Install-to-Play save the installation and my progress automatically?"
67,What types of cloud storage does GeForce NOW offer for Install-to-Play games?
67,How does single-session cloud storage work for Install-to-Play games on GeForce NOW?
67,What is persistent cloud storage for Install-to-Play games in GeForce NOW?
67,Does GeForce NOW include cloud storage for Install-to-Play games with Performance and Ultimate memberships?
67,Can I buy extra cloud storage for Install-to-Play games on GeForce NOW?
68,How much extra storage can I get with GeForce NOW?
68,What cloud storage add-on sizes are available for premium members?
68,"How much do the 200GB, 500GB, and 1TB storage options cost?"
68,What storage is included with a premium GeForce NOW membership?
68,Are storage add-ons available for SEPA users?
69,Can free users buy persistent storage for Install-to-Play games?
69,Am I able to pay for persistent storage if I have a free GeForce NOW account?
69,Do I need a premium membership before I can purchase persistent storage?
69,How can I get persistent storage for Install-to-Play games?
69,"Is persistent storage available to free members, or only to premium members?"
70,"If I change my GeForce NOW data center region after installing Install-to-Play games, will that affect them?"
70,Does switching to another data center change where my Install-to-Play games run from?
70,Can I move my persistent storage location for Install-to-Play games without affecting gameplay?
70,What happens to my Install-to-Play saved data if I change the storage location later?
70,Do server location settings in the GeForce NOW app apply to Install-to-Play games?
71,Is Install-to-Play only available for Steam games right now?
71,Can I use Install-to-Play with games that aren't on Steam?
71,Does Install-to-Play currently support only Steam titles?
71,Is Install-to-Play limited to Steam games at the moment?
71,Will Install-to-Play work with non-Steam games?
72,Do I need to update my NVIDIA drivers myself?
72,Do I have to install game updates on my own?
72,Will NVIDIA handle driver and game updates for me?
72,Am I responsible for managing NVIDIA drivers or game updates?
72,Are driver updates and game patches automated in GeForce NOW?
73,Does GeForce NOW support voice chat with a microphone?
73,Can I use a mic for in-game voice chat on GeForce NOW?
73,Is microphone voice chat available when playing on GeForce NOW?
73,Will my Bluetooth or wired microphone work with GeForce NOW voice chat?
73,Does GeForce NOW have support for in-game mic chat?
74,Why do some games show up in my native language while others don't?
74,How come only certain games support my language on GeForce NOW?
74,Can I play all GeForce NOW games in my native language?
74,Why are some games available in my language but not every game?
74,Will more games get support for my native language later?
75,How do I install a game on GeForce NOW?
75,Do I have to log in to a digital store before I can play a game on GeForce NOW?
75,Why am I being asked to verify that I own the game when I launch it?
75,Do I need to accept any license agreements to install or play a game on GeForce NOW?
75,"Can I install games directly on GeForce NOW, or do I have to use the digital store?"
76,How do I start and play a game on GeForce NOW?
76,What do I need to do to launch a game in GeForce NOW?
76,How do I find my game and add it to my GeForce NOW Library?
76,"After I add a game to my library, how do I open it and play it?"
76,Does GeForce NOW launch the game on my device or remotely in the cloud?
77,Can I use a gamepad with GeForce NOW?
77,Does GeForce NOW support controllers?
77,What controllers work with GeForce NOW?
77,Can I play GeForce NOW games with a SHIELD controller?
77,Are Bluetooth or USB wired controllers supported on newer SHIELD models for GeForce NOW?
78,Where can I download the GeForce NOW app again?
78,How do I get the latest GeForce NOW app download?
78,Where can I re-download GeForce NOW?
78,Is there a place to download the newest GeForce NOW app?
78,Where do I go to download the GeForce NOW app?
79,How can I get technical support for GeForce NOW?
79,Where do I contact GeForce NOW customer care for help?
79,Is there a support page or help articles for GeForce NOW technical issues?
79,What should I do if I need technical support on GeForce NOW?
79,How can I reach GeForce NOW support or find support articles?
80,How do I launch a game on NVIDIA SHIELD with GeForce NOW?
80,What happens when I click a game tile in GeForce NOW?
80,How do I start playing a game from the NVIDIA Games app?
80,"If a game needs me to log in before I can play, what do I do on SHIELD?"
80,What should I do if I don’t own the game I want to launch on GeForce NOW?
81,Can I use a gamepad with GeForce NOW?
81,Does GeForce NOW support the SHIELD controller?
81,Which gamepads or controllers work with GeForce NOW?
81,Can I play GeForce NOW games with a controller?
81,Is the SHIELD controller compatible with GeForce NOW?
82,Can I use a keyboard and mouse with GeForce NOW on SHIELD?
82,Does GeForce NOW on SHIELD support USB keyboard and mouse?
82,Can I connect Bluetooth keyboard and mouse to SHIELD for GeForce NOW?
82,Is keyboard and mouse input supported when playing GeForce NOW on SHIELD?
82,What kinds of keyboards and mice can I use with GeForce NOW on SHIELD?
83,Why doesn’t GeForce NOW show the letters I press on my non-US keyboard?
83,Is there a known keyboard input issue with non-English keyboards in GeForce NOW?
83,What can I do if my non-US keyboard characters aren’t appearing in GeForce NOW?
83,Does GeForce NOW work properly with non-US-English keyboards?
83,Why are some characters like @ not typing correctly when I use my keyboard on GeForce NOW?
84,Which Android phones are compatible with GeForce NOW?
84,What are the Android phone requirements for GeForce NOW?
84,Do I need a certain Android version or amount of memory to use GeForce NOW on my phone?
84,Can I use GeForce NOW on an Android phone with less than 1GB of memory or older than Android 7.0?
84,What Android phones does GeForce NOW support?
85,Can I use my GeForce NOW account on both my PC and Android phone?
85,"If I already play GeForce NOW on Mac or SHIELD, can I also use it on an Android phone?"
85,Does one GeForce NOW account work across multiple devices including Android phones?
85,"Can I switch between PC, Mac, SHIELD, and my Android phone with the same GeForce NOW account?"
85,Is GeForce NOW available on Android phones if I already use it on other devices?
86,How do I get started with GeForce NOW on Android?
86,What do I need to do after logging into GeForce NOW on my phone?
86,Can I continue my recently played games on my Android phone with GeForce NOW?
86,Do I need a controller to start using GeForce NOW on Android?
86,Which Bluetooth gamepads are recommended for GeForce NOW on Android?
87,Why is GeForce NOW asking for my audio access on Android?
87,Why does the app want access to my phone’s microphone?
87,Is GeForce NOW recording my microphone audio?
87,Why am I getting an audio permission prompt in the GeForce NOW Android app?
87,What does the microphone access request in GeForce NOW mean?
88,Can I use GeForce NOW in Chrome on a Windows or Mac computer without a Chromebook?
88,Does GeForce NOW work in the Chrome browser on non-Chromebook devices?
88,Can I play GeForce NOW through Chrome if I’m on Windows or macOS?
88,Is GeForce NOW supported in Chrome browser on a PC or Mac?
88,Do I need a Chromebook to use GeForce NOW in Chrome?
89,Which Chromebooks are compatible with GeForce NOW?
89,How can I find the full list of supported Chromebooks?
89,Does GeForce NOW work on my Chromebook?
89,Where can I check Chromebook compatibility requirements?
89,What Chromebook models are supported by GeForce NOW?
90,How do I play GeForce NOW in a browser?
90,What website do I use to access GeForce NOW on my browser?
90,How can I launch GeForce NOW from a web browser?
90,Where do I go to use GeForce NOW in browser?
90,Is there a browser link for playing GeForce NOW?
91,What devices are compatible with GeForce NOW?
91,Which devices work with GeForce NOW?
91,Where can I find the list of compatible devices?
91,Is there a page that shows all supported devices?
91,How do I check if my device is compatible?
92,How do I use GeForce NOW on my iPhone or iPad?
92,How do I set up GeForce NOW on an iPhone or iPad?
92,What do I need to do to launch GeForce NOW on my iPad or iPhone?
92,How can I add GeForce NOW to my iPhone or iPad home screen?
92,How do I start GeForce NOW from Safari on iPhone or iPad?
93,What games can I play on iPhone or iPad?
93,Can I play keyboard and mouse games on my iPhone or iPad?
93,Do iPhone and iPad games in GeForce NOW need gamepad support?
93,Which games are supported on iPhone or iPad in GeForce NOW?
93,Can I use a keyboard and mouse to play games on iPhone or iPad?
94,Which iPhones work with GeForce NOW?
94,What iPhone models are supported?
94,Can I use GeForce NOW on my iPhone?
94,What are the compatible iPhones for GeForce NOW?
94,Is my iPhone compatible with GeForce NOW?
95,Which gamepads are supported on iPhone and iPad?
95,What controllers work with GeForce NOW on my iPhone or iPad?
95,Where can I find the list of supported gamepads for iPhone and iPad?
95,Are there any compatible gamepads for iPhone and iPad on GeForce NOW?
95,How do I check which gamepads work with iPhone and iPad?
96,Can I use a keyboard and mouse to play games on my iPad with GeForce NOW?
96,Does GeForce NOW on iPad support keyboard and mouse gameplay?
96,Can I play GeForce NOW games on iPad using a mouse and keyboard instead of a gamepad?
96,What can I use a keyboard or mouse for on iPad in GeForce NOW?
96,"Do I need a gamepad to play games on iPad with GeForce NOW, or can I use keyboard and mouse?"
97,Is there a GeForce NOW app for iPhone or iPad in the App Store?
97,Can I download an iOS or iPadOS app for GeForce NOW instead of using Safari?
97,Do I need to use Safari to play GeForce NOW on my iPhone or iPad?
97,Is there an App Store version of GeForce NOW for iPad or iPhone?
97,Can I install GeForce NOW on iOS without opening Safari first?
98,How can I get technical support for GeForce NOW on my iPhone or iPad?
98,Where do I go for help if I'm having issues on iPhone or iPad?
98,Is there customer support available for GeForce NOW on iPhone and iPad?
98,How do I contact technical support for iPhone or iPad problems?
98,What should I do to get help with GeForce NOW on my iPhone or iPad?
